[Header],,,,,,,,,,
IEMFileVersion,5,,,,,,,,,
Date,2025/8/26,,,,,,,,,
Workflow,GenerateFASTQ,,,,,,,,,
Application,NovaSeq FASTQ Only,,,,,,,,,
Instrument Type,NovaSeq,,,,,,,,,
Assay,Illumina DNA Prep,,,,,,,,,
Index Adapters,IDT-Ilmn DNA-RNA UD Indexes SetA Tagmentation,,,,,,,,,
Chemistry,Amplicon,,,,,,,,,
,,,,,,,,,,
[Reads],,,,,,,,,,
151,,,,,,,,,,
151,,,,,,,,,,
,,,,,,,,,,
[Settings],,,,,,,,,,
Adapter,CTGTCTCTTATACACATCT,,,,,,,,,
,,,,,,,,,,
[Data],,,,,,,,,,
Sample_ID,Sample_Name,Sample_Plate,Sample_Well,Index_Plate_Well,I7_Index_ID,index,I5_Index_ID,index2,Sample_Project,Description
NTC-E-0709,,,,A06,UDP0041,ACTCGGCAAT,UDP0041,TTCAGTTGTC,,
1840-BM12,,,,B06,UDP0042,GTCTAATGGC,UDP0042,CCTGACCACT,,
1839-BM12,,,,C06,UDP0043,CCATCTCGCC,UDP0043,AACCATAGAA,,
1870-BM12,,,,D06,UDP0044,CTGCGAGCCA,UDP0044,TGGCCGGATT,,
1860-BM12,,,,E06,UDP0045,CGTTATTCTA,UDP0045,AACCTTATGG,,
1862-BM12,,,,F06,UDP0046,AGATCCATTA,UDP0046,TGGTAGAGAT,,
1845-BM12,,,,G06,UDP0047,GTCCTGGATA,UDP0047,TTCGCCACCG,,
1896-BM12,,,,H06,UDP0048,CAGTGGCACT,UDP0048,CCTATTGTTA,,
1894-BM12,,,,A07,UDP0049,AGTGTTGCAC,UDP0049,CGTGTACCAG,,
1895-BM12,,,,B07,UDP0050,GACACCATGT,UDP0050,TACACGTTGA,,
1886-BM12,,,,C07,UDP0051,CCTGTCTGTC,UDP0051,TCACAACAGT,,
1863-BM12-AB,,,,A11,UDP0081,TGTCGCTGGT,UDP0081,AGTCAGACGA,,
1890-BM12,,,,E07,UDP0053,GGAATTGTAA,UDP0053,AGGATGTGCT,,
1879-BM12,,,,F07,UDP0054,GCATAAGCTT,UDP0054,TGCGACGGAA,,
1944-BM12,,,,G07,UDP0055,CTGAGGAATA,UDP0055,AGTGGTTAAG,,
1883-BM12,,,,H07,UDP0056,AACGCACGAG,UDP0056,TATCCGAGGC,,
1971-BM12,,,,A08,UDP0057,TCTATCCTAA,UDP0057,CCAGTCGACG,,
1872-BM12,,,,B08,UDP0058,CTCGCTTCGG,UDP0058,TTGACTAGTA,,
1848-BM12,,,,C08,UDP0059,CTGTTGGTCC,UDP0059,AACGGTCTAT,,
1842-BM12,,,,D08,UDP0060,TTACCTGGAA,UDP0060,CTGGAACTGT,,
1881-BM12,,,,E08,UDP0061,TGGCTAATCA,UDP0061,CTACATGCCT,,
1877-BM12,,,,F08,UDP0062,AACACTGTTA,UDP0062,TGAGACTTGC,,
1843-BM12,,,,G08,UDP0063,ATTGCGCGGT,UDP0063,GCGGAGCCAA,,
1876-BM12,,,,H08,UDP0064,TGGCGCGAAC,UDP0064,AGTATCAGTT,,
1868-BM12,,,,A09,UDP0065,TAATGTGTCT,UDP0065,TATGCCTTAC,,
1844-BM12,,,,B09,UDP0066,ATACCAACGC,UDP0066,CGCAGCAATT,,
1903-BM12,,,,C09,UDP0067,AGGATGTGCT,UDP0067,GGAATTGTAA,,
1837-BM12,,,,D09,UDP0068,CACGGAACAA,UDP0068,GTGCTAGGTT,,
1908-BM12,,,,E09,UDP0069,TGGAGTACTT,UDP0069,TCCACACAGA,,
1836-BM12,,,,F09,UDP0070,GTATTGACGT,UDP0070,TTGGAATTCC,,
1833-BM12,,,,G09,UDP0071,CTTGTACACC,UDP0071,AAGCGCGCTT,,
1823-BM12,,,,H09,UDP0072,ACACAGGTGG,UDP0072,ACAACGCTCA,,
1884-BM12,,,,A10,UDP0073,CCTGCGGAAC,UDP0073,AGCCTATGAT,,
1900-BM12,,,,B10,UDP0074,TTCATAAGGT,UDP0074,CCTTCTAACA,,
1822-BM12,,,,C10,UDP0075,CTCTGCAGCG,UDP0075,TACATCCATC,,
1831-BM12,,,,D10,UDP0076,CTGACTCTAC,UDP0076,TGACGGCCGT,,
1838-BM12,,,,E10,UDP0077,TCTGGTATCC,UDP0077,GTAAGCAACG,,
1825-BM12,,,,F10,UDP0078,CATTAGTGCG,UDP0078,TATGTAGTCA,,
1901-BM12,,,,G10,UDP0079,ACGGTCAGGA,UDP0079,AACGAGGCCG,,
1893-BM12,,,,H10,UDP0080,GGCAAGCCAG,UDP0080,CGGATGCTTG,,
1882-BM12,,,,E05,UDP0037,TGTAATCGAC,UDP0037,CGCGGTGATC,,
PTC-E-0709,,,,F05,UDP0038,GTGCAGACAG,UDP0038,ACGGATGGTA,,
PTC-E-0710,,,,G05,UDP0039,CAATCGGCTG,UDP0039,TTCCTACAGC,,
NTC-E-0710,,,,H05,UDP0040,TATGTAGTCA,UDP0040,CATTAGTGCG,,
1863-BM12-BA,,,,B11,UDP0082,ACCGTTACAA,UDP0082,TCGCTATGAG,,
PA0286-T1,,,,A01,UDP0097,TGCCGGTCAG,UDP0097,TTGTATCAGG,,
PA0294-T1,,,,B01,UDP0098,CACTCAATTC,UDP0098,CACAACTTAA,,
PA0301-T1,,,,C01,UDP0099,TCTCACACGC,UDP0099,TCACTGTCCG,,
PA0313-T1,,,,D01,UDP0100,TCAATGGAGA,UDP0100,GTTGTAGTGC,,
PS0227-T1,,,,E01,UDP0101,ATATGCATGT,UDP0101,CCAGGCACCA,,
PS0254-T1,,,,F01,UDP0102,ATGGCGCCTG,UDP0102,AGGCCGTGGA,,
PS0281-T1,,,,G01,UDP0103,TCCGTTATGT,UDP0103,TACACTACAA,,
PS0286-T1,,,,H01,UDP0104,GGTCTATTAA,UDP0104,CGTGTCGTGG,,
MF019-M03,,,,B11,UDP0178,GATCGTCGCG,UDP0178,ACATATCCAG,,
MF021-M03,,,,C11,UDP0179,TATCCGAGGC,UDP0179,CTTATTGGCC,,
MF022-M03,,,,D11,UDP0180,CGCTGTCTCA,UDP0180,GGTGAGTAAT,,
MF025-M03,,,,E11,UDP0181,AATGCGAACA,UDP0181,TCCGCCAATT,,
MF023-M03,,,,F11,UDP0182,AATTCTTGGA,UDP0182,AAGTTGACAA,,
MF027-M03,,,,G11,UDP0183,TTCCTACAGC,UDP0183,AGAATTCGCC,,
MF024-M03,,,,H11,UDP0184,ATCCAGGTAT,UDP0184,GCTGACGTTG,,
MF026-M03,,,,A12,UDP0185,ACGGTCCAAC,UDP0185,TGATGTAAGA,,
MF028-M03,,,,B12,UDP0186,GTAACTTGGT,UDP0186,AGGTATGGCG,,
MF029-M03,,,,C12,UDP0187,AGCGCCACAC,UDP0187,AAGACATTAG,,
MF031-M03,,,,D12,UDP0188,TGCTACTGCC,UDP0188,CCTCCGGTTG,,
MF035-M03,,,,E12,UDP0189,CAACACCGCA,UDP0189,TGCTACTGCC,,
MF032-M03,,,,F12,UDP0190,CACCTTAATC,UDP0190,TCTATCCTAA,,
MF037-M03,,,,G12,UDP0191,TTGAATGTTG,UDP0191,CTAGATTGCG,,
MF038-M03,,,,H12,UDP0192,CCGGTAACAC,UDP0192,AGTACAACTC,,
PA0270-T1,,,,D10,UDP0268,AAGAGAGTCT,UDP0268,AAGATTCGTA,,
PA0277-T1,,,,E10,UDP0269,GTAGGCGAGC,UDP0269,TGCGCTCCTA,,
PA0281-T1,,,,F10,UDP0270,AACTTATCCT,UDP0270,ACGCCAGTAC,,
PA0289-T1,,,,G10,UDP0271,ATTATGTCTC,UDP0271,GCTCTTAACT,,
PA0290-T1,,,,H10,UDP0272,TATAACAGCT,UDP0272,TTATACGCGA,,
PA0291-T1,,,,A11,UDP0273,CCAATGATAC,UDP0273,CGGCACACTC,,
PA0292-T1,,,,B11,UDP0274,GAGGCCTATT,UDP0274,TCCGGACTAG,,
PA0295-T1,,,,C11,UDP0275,AGCTAAGCGG,UDP0275,GCGTATTAAT,,
PA0297-T1,,,,D11,UDP0276,CTTCCTAGGA,UDP0276,ATACTCTAGG,,
PA0306-T1,,,,E11,UDP0277,CGATCTGTGA,UDP0277,AGTCTTCCTA,,
PA0308-T1,,,,F11,UDP0278,GTGGACAAGT,UDP0278,AAGGCCACGG,,
PA0316-T1,,,,G11,UDP0279,AACAAGTACA,UDP0279,GGATATATCC,,
PA0319-T1,,,,H11,UDP0280,AGATTAAGTG,UDP0280,CCAAGAGGTG,,
PS0067-T1,,,,A12,UDP0281,TATCACTCTG,UDP0281,ATGTAACGTT,,
PS0069-T1,,,,B12,UDP0282,AGAATTCGCC,UDP0282,GAGCTTGCCG,,
PS0004-T1,,,,C12,UDP0283,CCTGACCACT,UDP0283,ATAGCCAAGA,,
PS0220-T1,,,,D12,UDP0284,AGCTGGAATG,UDP0284,CGCATTCCGT,,
PS0237-T1,,,,E12,UDP0285,TGATAACGAG,UDP0285,CCTGCGGAAC,,
PS0249-T1,,,,F12,UDP0286,CATAGTAAGG,UDP0286,GTAACTTGGT,,
PS0251-T1,,,,G12,UDP0287,ATTGGCTTCT,UDP0287,CTGCGAGCCA,,
PS0253-T1,,,,H12,UDP0288,GTACCGATTA,UDP0288,AACGTTAGTT,,
PS0256-T1,,,,A01,UDP0193,TCTCATGATA,UDP0193,TCCACGTGTT,,
PS0260B-T1,,,,B01,UDP0194,CGAGGCCAAG,UDP0194,CCGGTAACAC,,
PS0214-T1,,,,C01,UDP0195,TTCACGAGAC,UDP0195,GTAACAATCT,,
PS0291-T1,,,,D01,UDP0196,GCGTGGATGG,UDP0196,CATTGGTCAA,,
PS0314-T1,,,,E01,UDP0197,TCCTGGTTGT,UDP0197,TGCCGGTCAG,,
PTC-D-0715,,,,F01,UDP0198,TAATTCTGCT,UDP0198,ATTGATGAGA,,
NTC-L-0731,,,,G01,UDP0199,CGCACGACTG,UDP0199,CTGTTGGTCC,,
PTC-L-0731,,,,H01,UDP0200,GAGGTTAGAC,UDP0200,GCAATACATT,,
MF034-M03,,,,F07,UDP0246,ATTATCCACT,UDP0246,TACGTGCGTA,,
MF040-M03,,,,G07,UDP0247,ATGGCGTGCC,UDP0247,ACTTCAAGCG,,
MF042-M03,,,,H07,UDP0248,TCCAGAGATC,UDP0248,TGAAGTGCAG,,
MF036-M03,,,,A08,UDP0249,ATGTCCAGCA,UDP0249,TTGTCCGCTG,,
MF039-M03,,,,B08,UDP0250,CAACGTTCGG,UDP0250,ATGCGGATCC,,
MF041-M03,,,,C08,UDP0251,GCGTATTAAT,UDP0251,CAACACCGCA,,
MF044-M03,,,,D08,UDP0252V2,CCGAATCTGG,UDP0252V2,CTTGATTCAT,,
MF046-M03,,,,E08,UDP0253,TCTCAATACC,UDP0253,CGCGAACGTC,,
MF048-M03,,,,F08,UDP0254,AAGCATCTTG,UDP0254,TTGTTGAATG,,
MF049-M03,,,,G08,UDP0255,TCAGTCTCGT,UDP0255,ATAATCCGTG,,
MF050-M03,,,,H08,UDP0256,TGCAAGATAA,UDP0256,CCGTCCTCAA,,
MF045-M03,,,,A09,UDP0257,GTAACAATCT,UDP0257,GTATACAGAG,,
MF043-M03,,,,B09,UDP0258V2,CCATGGTATA,UDP0258V2,CTCCGCGAGA,,
MF051-M03,,,,C09,UDP0259,TCATACCGTT,UDP0259,CTGCGTTACC,,
MF047-M03,,,,D09,UDP0260,GGCGCCATTG,UDP0260,ATTGCGCGGT,,
MF054-M03,,,,E09,UDP0261,AGCGAATTAG,UDP0261,TGTTCCGGCT,,
MF055-M03,,,,F09,UDP0262,TTAGACCATG,UDP0262,CTTCCTAGGA,,
MF056-M03,,,,G09,UDP0263,CACACAGTAT,UDP0263,TTAGGCTCAA,,
MF053-M03,,,,H09,UDP0264,TCTTGTCGGC,UDP0264,ACACAGGTGG,,
MF052-M03,,,,A10,UDP0265,TACCGCCTCG,UDP0265,GGTTGCGAGG,,
NTC-L_0730,,,,B10,UDP0266,CTGTTATATC,UDP0266,ACAGCTATAC,,
PTC-L_0730,,,,C10,UDP0267,TAACCGGCGA,UDP0267,CTAATGTAGC,,
